{
    "best f1 under pa": {
        "f1": 0.9650267745114801,
        "precision": 0.9389746615735586,
        "recall": 1.0
    }
}