{
    "train_and_valid": 1.1369377942755818,
    "test": 1.1520967734977603
}