{
    "train_and_valid": 515.4374535037205,
    "test": 47.43669183366001
}