{
    "CalIt2-traffic.test_out_count": {
        "best f1 under pa": {
            "f1": 0.2608695652173909,
            "precision": 0.18181818181818182,
            "recall": 0.46153846153846156,
            "threshold": 188.33075043677215
        }
    },
    "CalIt2-traffic.test_in_count": {
        "best f1 under pa": {
            "f1": 0.26726057906458756,
            "precision": 0.18808777429467086,
            "recall": 0.46153846153846156,
            "threshold": 159.6403587957853
        }
    }
}