{
    "best f1 under pa": {
        "f1": 0.26406507214098923,
        "precision": 0.18495297805642635,
        "recall": 0.46153846153846156
    }
}