{
    "best f1 under pa": {
        "f1": 0.8016535025660159,
        "precision": 0.7414275055880057,
        "recall": 1.0
    }
}