{
    "best f1 under pa": {
        "f1": 0.8016535025660155,
        "precision": 0.7414275055880064,
        "recall": 1.0
    }
}