{
    "train_and_valid": 2007.6724359141663,
    "test": 76.77179937623441
}