{
    "train_and_valid": 3030.8654924500734,
    "test": 86.02648898679763
}