{
    "best f1 under pa": {
        "f1": 0.9712254841287002,
        "precision": 0.9582913979910919,
        "recall": 0.9879621415970725
    }
}