{
    "train_and_valid": 2381.9871340207756,
    "test": 3865.855355506763
}