{
    "train_and_valid": 0.0924778999760747,
    "test": 0.09942569211125374
}