{
    "train_and_valid": 1.037251097150147,
    "test": 0.9266942208632827
}