{
    "best f1 under pa": {
        "f1": 0.7577535224308324,
        "precision": 0.6889331729691642,
        "recall": 1.0
    }
}