{
    "best f1 under pa": {
        "f1": 0.757753522430832,
        "precision": 0.6889331729691639,
        "recall": 1.0
    }
}