{
    "train_and_valid": 199.1779544474557,
    "test": 1.249601717106998
}