{
    "train_and_valid": 79.38799945823848,
    "test": 8.231093906797469
}