{
    "train_and_valid": 779.5742627289146,
    "test": 105.96507340110838
}