{
    "best f1 under pa": {
        "f1": 0.8109626705011119,
        "precision": 0.7447901296993128,
        "recall": 0.9597915660901073
    }
}