{
    "best f1 under pa": {
        "f1": 0.810962670501112,
        "precision": 0.7447901296993128,
        "recall": 0.9597915660901071
    }
}