{
    "train_and_valid": 121.38007956277579,
    "test": 1.6804331811144948
}