{
    "train_and_valid": 321.6961788414046,
    "test": 14.860351777635515
}