{
    "train_and_valid": 191.72308721672744,
    "test": 17.159791747108102
}