{
    "44": {
        "best f1 under pa": {
            "f1": 0.8847097301717083,
            "precision": 0.9458041958041958,
            "recall": 0.8310291858678955,
            "threshold": 1.5998871665078997
        }
    },
    "36": {
        "best f1 under pa": {
            "f1": 0.9999999999999996,
            "precision": 1.0,
            "recall": 1.0,
            "threshold": 3.32187072462804
        }
    },
    "31": {
        "best f1 under pa": {
            "f1": 0.9999999999999996,
            "precision": 1.0,
            "recall": 1.0,
            "threshold": 3.32187072462804
        }
    },
    "12": {
        "best f1 under pa": {
            "f1": 0.9999999999999996,
            "precision": 1.0,
            "recall": 1.0,
            "threshold": 3.2481014976731526
        }
    },
    "15": {
        "best f1 under pa": {
            "f1": 0.44897959183673425,
            "precision": 0.36363636363636365,
            "recall": 0.5866666666666667,
            "threshold": 0.4686547740432052
        }
    },
    "20": {
        "best f1 under pa": {
            "f1": 0.9289099526066346,
            "precision": 0.8672566371681416,
            "recall": 1.0,
            "threshold": 7.008562802325657
        }
    },
    "27": {
        "best f1 under pa": {
            "f1": 0.9999999999999996,
            "precision": 1.0,
            "recall": 1.0,
            "threshold": 3.8777831176744337
        }
    },
    "9": {
        "best f1 under pa": {
            "f1": 0.8699999999999993,
            "precision": 0.7699115044247787,
            "recall": 1.0,
            "threshold": 5.780700835997291
        }
    },
    "29": {
        "best f1 under pa": {
            "f1": 0.9351851851851847,
            "precision": 0.8782608695652174,
            "recall": 1.0,
            "threshold": 7.017133314272243
        }
    },
    "55": {
        "best f1 under pa": {
            "f1": 0.48717948717948667,
            "precision": 0.6551724137931034,
            "recall": 0.3877551020408163,
            "threshold": 1.4671322604787833
        }
    },
    "7": {
        "best f1 under pa": {
            "f1": 0.7800829875518667,
            "precision": 1.0,
            "recall": 0.6394557823129252,
            "threshold": 2.0795379899640354
        }
    },
    "52": {
        "best f1 under pa": {
            "f1": 0.8932038834951451,
            "precision": 1.0,
            "recall": 0.8070175438596491,
            "threshold": 1.8700141521470717
        }
    },
    "0": {
        "best f1 under pa": {
            "f1": 0.8645833333333327,
            "precision": 0.7614678899082569,
            "recall": 1.0,
            "threshold": 5.780700835997293
        }
    },
    "30": {
        "best f1 under pa": {
            "f1": 0.9999999999999996,
            "precision": 1.0,
            "recall": 1.0,
            "threshold": 6.81430125486243
        }
    },
    "37": {
        "best f1 under pa": {
            "f1": 0.9999999999999996,
            "precision": 1.0,
            "recall": 1.0,
            "threshold": 2.523548174926041
        }
    },
    "39": {
        "best f1 under pa": {
            "f1": 0.9999999999999996,
            "precision": 1.0,
            "recall": 1.0,
            "threshold": 6.81430125486243
        }
    },
    "45": {
        "best f1 under pa": {
            "f1": 0.5432098765432094,
            "precision": 0.6285714285714286,
            "recall": 0.4782608695652174,
            "threshold": 1.3249096902114632
        }
    },
    "42": {
        "best f1 under pa": {
            "f1": 0.9737827715355799,
            "precision": 0.948905109489051,
            "recall": 1.0,
            "threshold": 1.278303425351464
        }
    },
    "1": {
        "best f1 under pa": {
            "f1": 0.9917657822506857,
            "precision": 0.9963235294117647,
            "recall": 0.9872495446265938,
            "threshold": 3.3957330516735214
        }
    },
    "54": {
        "best f1 under pa": {
            "f1": 0.8928850664581699,
            "precision": 0.9844827586206897,
            "recall": 0.8168812589413448,
            "threshold": 1.914554216259934
        }
    },
    "6": {
        "best f1 under pa": {
            "f1": 0.9903948772678757,
            "precision": 0.9957081545064378,
            "recall": 0.9851380042462845,
            "threshold": 3.3957330516735214
        }
    },
    "26": {
        "best f1 under pa": {
            "f1": 0.8754208754208749,
            "precision": 0.876010781671159,
            "recall": 0.8748317631224765,
            "threshold": 0.631236452458906
        }
    },
    "21": {
        "best f1 under pa": {
            "f1": 0.8754208754208749,
            "precision": 0.876010781671159,
            "recall": 0.8748317631224765,
            "threshold": 0.631236452458906
        }
    },
    "14": {
        "best f1 under pa": {
            "f1": 0.9441210710128051,
            "precision": 0.9215909090909091,
            "recall": 0.9677804295942721,
            "threshold": 0.5174393423529516
        }
    },
    "57": {
        "best f1 under pa": {
            "f1": 0.9999999999999996,
            "precision": 1.0,
            "recall": 1.0,
            "threshold": 1.8700141521470717
        }
    },
    "5": {
        "best f1 under pa": {
            "f1": 0.6065573770491798,
            "precision": 0.7115384615384616,
            "recall": 0.5285714285714286,
            "threshold": 1.5202861531914673
        }
    },
    "50": {
        "best f1 under pa": {
            "f1": 0.7258687258687253,
            "precision": 0.5696969696969697,
            "recall": 1.0,
            "threshold": 6.305490932237599
        }
    },
    "2": {
        "best f1 under pa": {
            "f1": 0.9999999999999996,
            "precision": 1.0,
            "recall": 1.0,
            "threshold": 2.0795379899640354
        }
    },
    "22": {
        "best f1 under pa": {
            "f1": 0.9999999999999996,
            "precision": 1.0,
            "recall": 1.0,
            "threshold": 3.8777831176744337
        }
    },
    "25": {
        "best f1 under pa": {
            "f1": 0.721804511278195,
            "precision": 0.6620689655172414,
            "recall": 0.7933884297520661,
            "threshold": 0.380767152047057
        }
    },
    "59": {
        "best f1 under pa": {
            "f1": 0.8102564102564098,
            "precision": 0.8404255319148937,
            "recall": 0.7821782178217822,
            "threshold": 246618440.15284497
        }
    },
    "10": {
        "best f1 under pa": {
            "f1": 0.8532110091743114,
            "precision": 0.744,
            "recall": 1.0,
            "threshold": 6.52541944896728
        }
    },
    "17": {
        "best f1 under pa": {
            "f1": 0.9999999999999996,
            "precision": 1.0,
            "recall": 1.0,
            "threshold": 3.2481014976731526
        }
    },
    "19": {
        "best f1 under pa": {
            "f1": 0.8490566037735844,
            "precision": 0.7377049180327869,
            "recall": 1.0,
            "threshold": 6.524897031543588
        }
    },
    "34": {
        "best f1 under pa": {
            "f1": 0.9120974760661439,
            "precision": 0.9509981851179673,
            "recall": 0.8762541806020067,
            "threshold": 1.6442129175859586
        }
    },
    "41": {
        "best f1 under pa": {
            "f1": 0.9824561403508767,
            "precision": 0.99581589958159,
            "recall": 0.9694501018329938,
            "threshold": 3.858645446349726
        }
    },
    "46": {
        "best f1 under pa": {
            "f1": 0.9842271293375389,
            "precision": 1.0,
            "recall": 0.968944099378882,
            "threshold": 3.858645446349726
        }
    },
    "16": {
        "best f1 under pa": {
            "f1": 0.8789903489235333,