{
    "best f1 under pa": {
        "f1": 0.8840023142204094,
        "precision": 0.8817859671615659,
        "recall": 0.904679286747701
    }
}