{
    "best f1 under pa": {
        "f1": 0.8840023142204095,
        "precision": 0.8817859671615659,
        "recall": 0.9046792867477013
    }
}