{
    "train_and_valid": 3013.1470110863447,
    "test": 4550.651352684945
}