{
    "best f1 under pa": {
        "f1": 0.7760563380281684,
        "precision": 0.7016806722689075,
        "recall": 0.8692307692307693
    }
}