{
    "train_and_valid": 1179.0306036463007,
    "test": 60.19739724788815
}