{
    "train_and_valid": 6326.896996108815,
    "test": 114.89362422097474
}