{
    "a8c06b47-cc41-3738-9110-12df0ee4c721": {
        "best f1 under pa": {
            "f1": 0.7687296416938105,
            "precision": 0.921875,
            "recall": 0.659217877094972,
            "threshold": 1.6207946104413868
        }
    },
    "ffb82d38-5f00-37db-abc0-5d2e4e4cb6aa": {
        "best f1 under pa": {
            "f1": 0.9383582545010676,
            "precision": 0.9706439393939394,
            "recall": 0.9081512108682812,
            "threshold": 3.286782931750898
        }
    },
    "42d6616d-c9c5-370a-a8ba-17ead74f3114": {
        "best f1 under pa": {
            "f1": 0.7673160173160167,
            "precision": 0.9555256064690026,
            "recall": 0.6410488245931284,
            "threshold": 1.2428701213901439
        }
    },
    "f0932edd-6400-3e63-9559-0a9860a1baa9": {
        "best f1 under pa": {
            "f1": 0.7484260891463101,
            "precision": 0.6756080927483519,
            "recall": 0.838837143663562,
            "threshold": 3.36838389364192
        }
    },
    "57051487-3a40-3828-9084-a12f7f23ee38": {
        "best f1 under pa": {
            "f1": 0.13111726685133873,
            "precision": 0.07015810276679842,
            "recall": 1.0,
            "threshold": 1.7538689267539136
        }
    },
    "847e8ecc-f8d2-3a93-9107-f367a0aab37d": {
        "best f1 under pa": {
            "f1": 0.610433934666016,
            "precision": 0.6387755102040816,
            "recall": 0.5845004668534081,
            "threshold": 1.085783176834792
        }
    },
    "431a8542-c468-3988-a508-3afd06a218da": {
        "best f1 under pa": {
            "f1": 0.621251697837216,
            "precision": 0.5876655465507017,
            "recall": 0.6589095744680851,
            "threshold": 2.0786296708797933
        }
    },
    "301c70d8-1630-35ac-8f96-bc1b6f4359ea": {
        "best f1 under pa": {
            "f1": 0.8592777085927765,
            "precision": 0.785876993166287,
            "recall": 0.9478021978021978,
            "threshold": 1.1508211804525588
        }
    },
    "8723f0fb-eaef-32e6-b372-6034c9c04b80": {
        "best f1 under pa": {
            "f1": 0.7929155313351494,
            "precision": 0.8075855689176689,
            "recall": 0.7787689562890276,
            "threshold": 1.1806920876492426
        }
    },
    "54350a12-7a9d-3ca8-b81f-f886b9d156fd": {
        "best f1 under pa": {
            "f1": 0.9894736842105258,
            "precision": 0.9791666666666666,
            "recall": 1.0,
            "threshold": 1.6423211894548375
        }
    },
    "9c639a46-34c8-39bc-aaf0-9144b37adfc8": {
        "best f1 under pa": {
            "f1": 0.6334231805929913,
            "precision": 0.8197674418604651,
            "recall": 0.5161054172767203,
            "threshold": 1.0175283619334254
        }
    },
    "4d2af31a-9916-3d9f-8a8e-8a268a48c095": {
        "best f1 under pa": {
            "f1": 0.9308681672025717,
            "precision": 0.9433040078201369,
            "recall": 0.9187559504919073,
            "threshold": 5.121709454812614
        }
    },
    "c02607e8-7399-3dde-9d28-8a8da5e5d251": {
        "best f1 under pa": {
            "f1": 0.9608938547486027,
            "precision": 0.9247311827956989,
            "recall": 1.0,
            "threshold": 3.2496787956670334
        }
    },
    "6d1114ae-be04-3c46-b5aa-be1a003a57cd": {
        "best f1 under pa": {
            "f1": 0.7596730245231602,
            "precision": 0.8604938271604938,
            "recall": 0.68,
            "threshold": 1.0973598808675835
        }
    },
    "e0747cad-8dc8-38a9-a9ab-855b61f5551d": {
        "best f1 under pa": {
            "f1": 0.6613545816733063,
            "precision": 0.49404761904761907,
            "recall": 1.0,
            "threshold": 1.21974575616942
        }
    },
    "55f8b8b8-b659-38df-b3df-e4a5a8a54bc9": {
        "best f1 under pa": {
            "f1": 0.9486799169385933,
            "precision": 0.9124108416547789,
            "recall": 0.9879518072289156,
            "threshold": 0.7388148220475967
        }
    },
    "6efa3a07-4544-34a0-b921-a155bd1a05e8": {
        "best f1 under pa": {
            "f1": 0.5807407407407402,
            "precision": 0.5157216155768978,
            "recall": 0.6645194100695033,
            "threshold": 0.9812018798362618
        }
    },
    "c69a50cf-ee03-3bd7-831e-407d36c7ee91": {
        "best f1 under pa": {
            "f1": 0.5275204359673019,
            "precision": 0.5789473684210527,
            "recall": 0.4844844844844845,
            "threshold": 1.2605457924062933
        }
    },
    "1c6d7a26-1f1a-3321-bb4d-7a9d969ec8f0": {
        "best f1 under pa": {
            "f1": 0.5083732057416261,
            "precision": 0.5614266842800528,
            "recall": 0.4644808743169399,
            "threshold": 1.070653964080196
        }
    },
    "0efb375b-b902-3661-ab23-9a0bb799f4e3": {
        "best f1 under pa": {
            "f1": 0.9017857142857137,
            "precision": 0.8211382113821138,
            "recall": 1.0,
            "threshold": 0.986377499835638
        }
    },
    "43115f2a-baeb-3b01-96f7-4ea14188343c": {
        "best f1 under pa": {
            "f1": 0.6732477788746292,
            "precision": 0.8197115384615384,
            "recall": 0.5711892797319933,
            "threshold": 1.0200645899064877
        }
    },
    "7103fa0f-cac4-314f-addc-866190247439": {
        "best f1 under pa": {
            "f1": 0.12236906510034248,
            "precision": 0.06663113006396588,
            "recall": 0.7485029940119761,
            "threshold": 1.2337751981996272
        }
    },
    "6a757df4-95e5-3357-8406-165e2bd49360": {
        "best f1 under pa": {
            "f1": 0.7932232841007815,
            "precision": 0.7064740778952798,
            "recall": 0.9042588312974579,
            "threshold": 3.5734353083409647
        }
    },
    "ba5f3328-9f3f-3ff5-a683-84437d16d554": {
        "best f1 under pa": {
            "f1": 0.931838879159369,
            "precision": 0.9442078364565588,
            "recall": 0.9197897939427465,
            "threshold": 0.8781749887981188
        }
    },
    "ab216663-dcc2-3a24-b1ee-2c3e550e06c9": {
        "best f1 under pa": {
            "f1": 0.8888888888888884,
            "precision": 0.8256513026052105,
            "recall": 0.9626168224299065,
            "threshold": 1.2523673824929435
        }
    },
    "a07ac296-de40-3a7c-8df3-91f642cc14d0": {
        "best f1 under pa": {
            "f1": 0.7453542985501321,
            "precision": 0.7945145842403134,
            "recall": 0.7019230769230769,
            "threshold": 0.804836408328415
        }
    },
    "da10a69f-d836-3baa-ad40-3e548ecf1fbd": {
        "best f1 under pa": {
            "f1": 0.8882055351651615,
            "precision": 0.8185391717707285,
            "recall": 0.9708337851024612,
            "threshold": 0.618290990057895
        }
    },
    "adb2fde9-8589-3f5b-a410-5fe14386c7af": {
        "best f1 under pa": {
            "f1": 0.7221063607924916,
            "precision": 0.8052325581395349,
            "recall": 0.6545368620037807,
            "threshold": 1.0005439849232383
        }
    },
    "05f10d3a-239c-3bef-9bdc-a2feeb0037aa": {
        "best f1 under pa": {
            "f1": 0.6869871043376312,
            "precision": 0.6992840095465394,
            "recall": 0.6751152073732719,
            "threshold": 1.1656717348804237
        }
    }
}