{
    "best f1 under pa": {
        "f1": 0.7273390980529058,
        "precision": 0.7346591736573267,
        "recall": 0.7876655464937175
    }
}