{
    "train_and_valid": 257.99317216780037,
    "test": 51.57362588867545
}