{
    "train_and_valid": 3197.076837510802,
    "test": 142.74334089364856
}