{
    "train_and_valid": 262.885866407305,
    "test": 4.931488025933504
}