{
    "train_and_valid": 3478.058473208919,
    "test": 1624.5426424890757
}