{
    "best f1 under pa": {
        "f1": 0.5719524261005161,
        "precision": 0.5514881544069744,
        "recall": 0.8473338948523278
    }
}