{
    "train_and_valid": 264.84112827666104,
    "test": 12.158369456417859
}