{
    "best f1 under pa": {
        "f1": 0.9195042562896949,
        "precision": 0.8884159185258339,
        "recall": 0.9925170308345065
    }
}