{
    "train_and_valid": 6748.103243002668,
    "test": 293.1004171129316
}