{
    "train_and_valid": 1280.9356490653008,
    "test": 2018.693356863223
}