{
    "train_and_valid": 3912.2009189277887,
    "test": 882.2866309545934
}