{
    "train_and_valid": 18257.7016649656,
    "test": 1444.3195332968608
}