{
    "20": {
        "best f1 under pa": {
            "f1": 0.9999999999999996,
            "precision": 1.0,
            "recall": 1.0,
            "threshold": 13.323162078857422
        }
    },
    "34": {
        "best f1 under pa": {
            "f1": 0.9421052631578942,
            "precision": 0.93717277486911,
            "recall": 0.9470899470899471,
            "threshold": 0.24332094192504883
        }
    },
    "35": {
        "best f1 under pa": {
            "f1": 0.9931972789115642,
            "precision": 0.9864864864864865,
            "recall": 1.0,
            "threshold": 0.1192125529050827
        }
    },
    "21": {
        "best f1 under pa": {
            "f1": 0.9708029197080287,
            "precision": 0.9837278106508875,
            "recall": 0.9582132564841499,
            "threshold": 0.17413417994976044
        }
    },
    "37": {
        "best f1 under pa": {
            "f1": 0.9999999999999996,
            "precision": 1.0,
            "recall": 1.0,
            "threshold": 1.9965720176696777
        }
    },
    "22": {
        "best f1 under pa": {
            "f1": 0.9999999999999996,
            "precision": 1.0,
            "recall": 1.0,
            "threshold": 1.2553945779800415
        }
    },
    "36": {
        "best f1 under pa": {
            "f1": 0.9982905982905977,
            "precision": 0.9965870307167235,
            "recall": 1.0,
            "threshold": 0.2803580164909363
        }
    },
    "32": {
        "best f1 under pa": {
            "f1": 0.9999999999999996,
            "precision": 1.0,
            "recall": 1.0,
            "threshold": 1.7394390106201172
        }
    },
    "26": {
        "best f1 under pa": {
            "f1": 0.9593727726300778,
            "precision": 0.9492242595204513,
            "recall": 0.9697406340057637,
            "threshold": 0.16132144629955292
        }
    },
    "27": {
        "best f1 under pa": {
            "f1": 0.9999999999999996,
            "precision": 1.0,
            "recall": 1.0,
            "threshold": 1.7245076894760132
        }
    },
    "25": {
        "best f1 under pa": {
            "f1": 0.985074626865671,
            "precision": 0.9705882352941176,
            "recall": 1.0,
            "threshold": 0.08665145188570023
        }
    },
    "31": {
        "best f1 under pa": {
            "f1": 0.9753593429158105,
            "precision": 0.9595959595959596,
            "recall": 0.9916492693110647,
            "threshold": 0.4474502205848694
        }
    },
    "19": {
        "best f1 under pa": {
            "f1": 0.9130434782608691,
            "precision": 0.84,
            "recall": 1.0,
            "threshold": 18.534605026245117
        }
    },
    "30": {
        "best f1 under pa": {
            "f1": 0.9999999999999996,
            "precision": 1.0,
            "recall": 1.0,
            "threshold": 9.498152732849121
        }
    },
    "24": {
        "best f1 under pa": {
            "f1": 0.9911392405063286,
            "precision": 0.9849056603773585,
            "recall": 0.9974522292993631,
            "threshold": 0.09787848591804504
        }
    },
    "5": {
        "best f1 under pa": {
            "f1": 0.9696969696969692,
            "precision": 0.9411764705882353,
            "recall": 1.0,
            "threshold": 0.09436053037643433
        }
    },
    "57": {
        "best f1 under pa": {
            "f1": 0.9999999999999996,
            "precision": 1.0,
            "recall": 1.0,
            "threshold": 1.3662608861923218
        }
    },
    "4": {
        "best f1 under pa": {
            "f1": 0.9082498072474936,
            "precision": 0.8700147710487445,
            "recall": 0.95,
            "threshold": 0.21056583523750305
        }
    },
    "56": {
        "best f1 under pa": {
            "f1": 0.9812889812889807,
            "precision": 0.9936842105263158,
            "recall": 0.9691991786447639,
            "threshold": 0.33194392919540405
        }
    },
    "42": {
        "best f1 under pa": {
            "f1": 0.9999999999999996,
            "precision": 1.0,
            "recall": 1.0,
            "threshold": 1.457167625427246
        }
    },
    "54": {
        "best f1 under pa": {
            "f1": 0.9683734939759031,
            "precision": 0.9597014925373134,
            "recall": 0.9772036474164134,
            "threshold": 0.45940667390823364
        }
    },
    "6": {
        "best f1 under pa": {
            "f1": 0.9999999999999996,
            "precision": 1.0,
            "recall": 1.0,
            "threshold": 0.5761662125587463
        }
    },
    "40": {
        "best f1 under pa": {
            "f1": 0.9999999999999996,
            "precision": 1.0,
            "recall": 1.0,
            "threshold": 9.81441879272461
        }
    },
    "41": {
        "best f1 under pa": {
            "f1": 0.9839679358717429,
            "precision": 0.9684418145956607,
            "recall": 1.0,
            "threshold": 0.0740971490740776
        }
    },
    "55": {
        "best f1 under pa": {
            "f1": 0.9885057471264362,
            "precision": 0.9772727272727273,
            "recall": 1.0,
            "threshold": 0.1101519912481308
        }
    },
    "7": {
        "best f1 under pa": {
            "f1": 0.9999999999999996,
            "precision": 1.0,
            "recall": 1.0,
            "threshold": 0.42498111724853516
        }
    },
    "51": {
        "best f1 under pa": {
            "f1": 0.9459999999999995,
            "precision": 0.9422310756972112,
            "recall": 0.9497991967871486,
            "threshold": 0.25431156158447266
        }
    },
    "45": {
        "best f1 under pa": {
            "f1": 0.9620253164556958,
            "precision": 1.0,
            "recall": 0.926829268292683,
            "threshold": 0.09296318888664246
        }
    },
    "44": {
        "best f1 under pa": {
            "f1": 0.9786184210526311,
            "precision": 0.9983221476510067,
            "recall": 0.9596774193548387,
            "threshold": 0.24851945042610168
        }
    },
    "2": {
        "best f1 under pa": {
            "f1": 0.9999999999999996,
            "precision": 1.0,
            "recall": 1.0,
            "threshold": 1.6420835256576538
        }
    },
    "50": {
        "best f1 under pa": {
            "f1": 0.9999999999999996,
            "precision": 1.0,
            "recall": 1.0,
            "threshold": 9.412246704101562
        }
    },
    "46": {
        "best f1 under pa": {
            "f1": 0.9424823410696261,
            "precision": 0.9192913385826772,
            "recall": 0.9668737060041408,
            "threshold": 0.43312492966651917
        }
    },
    "52": {
        "best f1 under pa": {
            "f1": 0.9583333333333328,
            "precision": 1.0,
            "recall": 0.92,
            "threshold": 1.2629066705703735
        }
    },
    "0": {
        "best f1 under pa": {
            "f1": 0.9999999999999996,
            "precision": 1.0,
            "recall": 1.0,
            "threshold": 10.432191848754883
        }
    },
    "1": {
        "best f1 under pa": {
            "f1": 0.9972752043596725,
            "precision": 0.9945652173913043,
            "recall": 1.0,
            "threshold": 0.2028408646583557
        }
    },
    "47": {
        "best f1 under pa": {
            "f1": 0.9999999999999996,
            "precision": 1.0,
            "recall": 1.0,
            "threshold": 1.7612736225128174
        }
    },
    "49": {
        "best f1 under pa": {
            "f1": 0.9999999999999996,
            "precision": 1.0,
            "recall": 1.0,
            "threshold": 8.086129188537598
        }
    },
    "59": {
        "best f1 under pa": {
            "f1": 0.9999999999999996,
            "precision": 1.0,
            "recall": 1.0,
            "threshold": 16.70094108581543
        }
    },