{
    "best f1 under pa": {
        "f1": 0.9795960450646519,
        "precision": 0.9738630736828219,
        "recall": 0.9864119497436117
    }
}