{
    "best f1 under pa": {
        "f1": 0.979596045064652,
        "precision": 0.9738630736828218,
        "recall": 0.9864119497436116
    }
}