{
    "train_and_valid": 318.5295150084421,
    "test": 242.60061799548566
}