{
    "train_and_valid": 306.3961666896939,
    "test": 83.43851393740624
}