{
    "best f1 under pa": {
        "f1": 0.6500936353950085,
        "precision": 0.6761306018808949,
        "recall": 0.7283713314682363
    }
}