{
    "train_and_valid": 1286.2838049018756,
    "test": 180.15196502488106
}