{
    "train_and_valid": 3349.1743516400456,
    "test": 137.98905178625137
}