{
    "train_and_valid": 13.392666338011622,
    "test": 1.4656076319515705
}