{
    "train_and_valid": 6.60199611261487,
    "test": 0.30060559790581465
}