{
    "best f1 under pa": {
        "f1": 0.994309599110111,
        "precision": 0.9888258052725872,
        "recall": 1.0
    }
}