{
    "train_and_valid": 7034.120617653243,
    "test": 6198.331760469824
}