{
    "train_and_valid": 3.2241052240133286,
    "test": 0.08049900736659765
}