{
    "train_and_valid": 628.3086839010939,
    "test": 63.486217610538006
}