{
    "train_and_valid": 40.665483145043254,
    "test": 18.084046386182308
}