{
    "best f1 under pa": {
        "f1": 0.8682563812947538,
        "precision": 0.8398577401147472,
        "recall": 0.9614699782123165
    }
}