{
    "a8c06b47-cc41-3738-9110-12df0ee4c721": {
        "best f1 under pa": {
            "f1": 0.9258160237388718,
            "precision": 0.9873417721518988,
            "recall": 0.8715083798882681,
            "threshold": 0.060063108801841736
        }
    },
    "ffb82d38-5f00-37db-abc0-5d2e4e4cb6aa": {
        "best f1 under pa": {
            "f1": 0.9756537421100085,
            "precision": 0.9932680538555692,
            "recall": 0.958653278204371,
            "threshold": 0.000981340417638421
        }
    },
    "42d6616d-c9c5-370a-a8ba-17ead74f3114": {
        "best f1 under pa": {
            "f1": 0.7941645771597898,
            "precision": 0.8009195402298851,
            "recall": 0.7875226039783002,
            "threshold": 0.004485754296183586
        }
    },
    "f0932edd-6400-3e63-9559-0a9860a1baa9": {
        "best f1 under pa": {
            "f1": 0.9500438212094648,
            "precision": 0.9845594913714805,
            "recall": 0.9178662150719729,
            "threshold": 0.0006185706588439643
        }
    },
    "57051487-3a40-3828-9084-a12f7f23ee38": {
        "best f1 under pa": {
            "f1": 0.9999999999999996,
            "precision": 1.0,
            "recall": 1.0,
            "threshold": 0.20433157682418823
        }
    },
    "847e8ecc-f8d2-3a93-9107-f367a0aab37d": {
        "best f1 under pa": {
            "f1": 0.9333333333333328,
            "precision": 0.875,
            "recall": 1.0,
            "threshold": 0.0024192295968532562
        }
    },
    "431a8542-c468-3988-a508-3afd06a218da": {
        "best f1 under pa": {
            "f1": 0.9870358163041084,
            "precision": 0.9786492374727669,
            "recall": 0.9955673758865248,
            "threshold": 0.003555563511326909
        }
    },
    "301c70d8-1630-35ac-8f96-bc1b6f4359ea": {
        "best f1 under pa": {
            "f1": 0.8972972972972967,
            "precision": 0.8829787234042553,
            "recall": 0.9120879120879121,
            "threshold": 0.04380643367767334
        }
    },
    "54350a12-7a9d-3ca8-b81f-f886b9d156fd": {
        "best f1 under pa": {
            "f1": 0.8103448275862064,
            "precision": 0.6811594202898551,
            "recall": 1.0,
            "threshold": 0.05544552952051163
        }
    },
    "8723f0fb-eaef-32e6-b372-6034c9c04b80": {
        "best f1 under pa": {
            "f1": 0.8211624441132633,
            "precision": 0.7050543825975688,
            "recall": 0.9830508474576272,
            "threshold": 0.0018355698557570577
        }
    },
    "4d2af31a-9916-3d9f-8a8e-8a268a48c095": {
        "best f1 under pa": {
            "f1": 0.970120788302606,
            "precision": 0.9716650748169373,
            "recall": 0.9685814027292923,
            "threshold": 0.0018263855017721653
        }
    },
    "9c639a46-34c8-39bc-aaf0-9144b37adfc8": {
        "best f1 under pa": {
            "f1": 0.8496634255796555,
            "precision": 0.8685015290519877,
            "recall": 0.8316251830161054,
            "threshold": 0.00043002160964533687
        }
    },
    "e0747cad-8dc8-38a9-a9ab-855b61f5551d": {
        "best f1 under pa": {
            "f1": 0.9999999999999996,
            "precision": 1.0,
            "recall": 1.0,
            "threshold": 0.12693002820014954
        }
    },
    "55f8b8b8-b659-38df-b3df-e4a5a8a54bc9": {
        "best f1 under pa": {
            "f1": 0.9731748209114458,
            "precision": 0.960439229843562,
            "recall": 0.986252703120173,
            "threshold": 0.00353776547126472
        }
    },
    "6efa3a07-4544-34a0-b921-a155bd1a05e8": {
        "best f1 under pa": {
            "f1": 0.7910880059413289,
            "precision": 0.703938673010838,
            "recall": 0.9028648923546364,
            "threshold": 0.002725688274949789
        }
    },
    "c02607e8-7399-3dde-9d28-8a8da5e5d251": {
        "best f1 under pa": {
            "f1": 0.9885057471264362,
            "precision": 0.9772727272727273,
            "recall": 1.0,
            "threshold": 0.020077893510460854
        }
    },
    "6d1114ae-be04-3c46-b5aa-be1a003a57cd": {
        "best f1 under pa": {
            "f1": 0.6926108374384231,
            "precision": 0.699502487562189,
            "recall": 0.6858536585365854,
            "threshold": 0.003986227326095104
        }
    },
    "c69a50cf-ee03-3bd7-831e-407d36c7ee91": {
        "best f1 under pa": {
            "f1": 0.8678678678678673,
            "precision": 0.8678678678678678,
            "recall": 0.8678678678678678,
            "threshold": 0.007527631241828203
        }
    },
    "43115f2a-baeb-3b01-96f7-4ea14188343c": {
        "best f1 under pa": {
            "f1": 0.9089390142021715,
            "precision": 0.9066666666666666,
            "recall": 0.9112227805695142,
            "threshold": 0.0007247164030559361
        }
    },
    "0efb375b-b902-3661-ab23-9a0bb799f4e3": {
        "best f1 under pa": {
            "f1": 0.9619047619047614,
            "precision": 0.926605504587156,
            "recall": 1.0,
            "threshold": 0.014898141846060753
        }
    },
    "1c6d7a26-1f1a-3321-bb4d-7a9d969ec8f0": {
        "best f1 under pa": {
            "f1": 0.8730251609128139,
            "precision": 0.9395465994962217,
            "recall": 0.8153005464480875,
            "threshold": 0.010944691486656666
        }
    },
    "7103fa0f-cac4-314f-addc-866190247439": {
        "best f1 under pa": {
            "f1": 0.8209876543209871,
            "precision": 0.8471337579617835,
            "recall": 0.7964071856287425,
            "threshold": 0.006492914631962776
        }
    },
    "a07ac296-de40-3a7c-8df3-91f642cc14d0": {
        "best f1 under pa": {
            "f1": 0.8133655748516151,
            "precision": 0.9492047203694202,
            "recall": 0.7115384615384616,
            "threshold": 0.0017923156265169382
        }
    },
    "ab216663-dcc2-3a24-b1ee-2c3e550e06c9": {
        "best f1 under pa": {
            "f1": 0.7086092715231783,
            "precision": 0.5487179487179488,
            "recall": 1.0,
            "threshold": 0.0017791425343602896
        }
    },
    "6a757df4-95e5-3357-8406-165e2bd49360": {
        "best f1 under pa": {
            "f1": 0.8671393341553632,
            "precision": 0.8132408210465453,
            "recall": 0.9286893364146583,
            "threshold": 0.0017657374264672399
        }
    },
    "ba5f3328-9f3f-3ff5-a683-84437d16d554": {
        "best f1 under pa": {
            "f1": 0.9742207478056528,
            "precision": 0.9737496546007184,
            "recall": 0.9746922970543493,
            "threshold": 0.0041985101997852325
        }
    },
    "da10a69f-d836-3baa-ad40-3e548ecf1fbd": {
        "best f1 under pa": {
            "f1": 0.8899917287014055,
            "precision": 0.9055206463195691,
            "recall": 0.8749864469261629,
            "threshold": 0.0068786898627877235
        }
    },
    "05f10d3a-239c-3bef-9bdc-a2feeb0037aa": {
        "best f1 under pa": {
            "f1": 0.9783187523773291,
            "precision": 0.9691032403918614,
            "recall": 0.9877112135176651,
            "threshold": 0.005667335819453001
        }
    },
    "adb2fde9-8589-3f5b-a410-5fe14386c7af": {
        "best f1 under pa": {
            "f1": 0.9220043572984744,
            "precision": 0.8552950687146321,
            "recall": 1.0,
            "threshold": 0.002891143085435033
        }
    }
}