{
    "best f1 under pa": {
        "f1": 0.8947030942784091,
        "precision": 0.8818242358507555,
        "recall": 0.9196500202861131
    }
}