{
    "train_and_valid": 1169.6526012085378,
    "test": 120.39681051671505
}