{
    "train_and_valid": 413.27805483713746,
    "test": 391.1034156382084
}