{
    "train_and_valid": 45.5845388667658,
    "test": 1.798649299889803
}