{
    "train_and_valid": 1642.3855533637106,
    "test": 12.16384769976139
}