{
    "20": {
        "best f1 under pa": {
            "f1": 0.9999999999999996,
            "precision": 1.0,
            "recall": 1.0,
            "threshold": 0.8029770255088806
        }
    },
    "34": {
        "best f1 under pa": {
            "f1": 0.969072164948453,
            "precision": 0.9964664310954063,
            "recall": 0.9431438127090301,
            "threshold": 0.3426719307899475
        }
    },
    "35": {
        "best f1 under pa": {
            "f1": 0.9999999999999996,
            "precision": 1.0,
            "recall": 1.0,
            "threshold": 0.045798297971487045
        }
    },
    "21": {
        "best f1 under pa": {
            "f1": 0.9800960878517497,
            "precision": 1.0,
            "recall": 0.9609690444145357,
            "threshold": 0.4290173053741455
        }
    },
    "37": {
        "best f1 under pa": {
            "f1": 0.9999999999999996,
            "precision": 1.0,
            "recall": 1.0,
            "threshold": 1.6533671617507935
        }
    },
    "22": {
        "best f1 under pa": {
            "f1": 0.9999999999999996,
            "precision": 1.0,
            "recall": 1.0,
            "threshold": 1.4563345909118652
        }
    },
    "36": {
        "best f1 under pa": {
            "f1": 0.9991445680068429,
            "precision": 0.9982905982905983,
            "recall": 1.0,
            "threshold": 0.6625863313674927
        }
    },
    "32": {
        "best f1 under pa": {
            "f1": 0.9999999999999996,
            "precision": 1.0,
            "recall": 1.0,
            "threshold": 1.3198914527893066
        }
    },
    "26": {
        "best f1 under pa": {
            "f1": 0.9849931787175983,
            "precision": 0.9986168741355463,
            "recall": 0.971736204576043,
            "threshold": 0.19739042222499847
        }
    },
    "27": {
        "best f1 under pa": {
            "f1": 0.9999999999999996,
            "precision": 1.0,
            "recall": 1.0,
            "threshold": 1.307543396949768
        }
    },
    "25": {
        "best f1 under pa": {
            "f1": 0.9490196078431368,
            "precision": 0.9029850746268657,
            "recall": 1.0,
            "threshold": 0.0109404306858778
        }
    },
    "31": {
        "best f1 under pa": {
            "f1": 0.995807127882599,
            "precision": 1.0,
            "recall": 0.9916492693110647,
            "threshold": 0.6887726187705994
        }
    },
    "19": {
        "best f1 under pa": {
            "f1": 0.9999999999999996,
            "precision": 1.0,
            "recall": 1.0,
            "threshold": 0.5861614346504211
        }
    },
    "30": {
        "best f1 under pa": {
            "f1": 0.9999999999999996,
            "precision": 1.0,
            "recall": 1.0,
            "threshold": 1.3934193849563599
        }
    },
    "24": {
        "best f1 under pa": {
            "f1": 0.9964328180737212,
            "precision": 0.995249406175772,
            "recall": 0.9976190476190476,
            "threshold": 0.25811824202537537
        }
    },
    "5": {
        "best f1 under pa": {
            "f1": 0.9929078014184392,
            "precision": 0.9859154929577465,
            "recall": 1.0,
            "threshold": 0.02465423382818699
        }
    },
    "57": {
        "best f1 under pa": {
            "f1": 0.9999999999999996,
            "precision": 1.0,
            "recall": 1.0,
            "threshold": 0.4731559753417969
        }
    },
    "4": {
        "best f1 under pa": {
            "f1": 0.9822119102861557,
            "precision": 1.0,
            "recall": 0.9650455927051672,
            "threshold": 0.2806244492530823
        }
    },
    "56": {
        "best f1 under pa": {
            "f1": 0.9989743589743584,
            "precision": 0.9979508196721312,
            "recall": 1.0,
            "threshold": 0.47463560104370117
        }
    },
    "42": {
        "best f1 under pa": {
            "f1": 0.9999999999999996,
            "precision": 1.0,
            "recall": 1.0,
            "threshold": 0.30098024010658264
        }
    },
    "54": {
        "best f1 under pa": {
            "f1": 0.9848156182212575,
            "precision": 0.9956140350877193,
            "recall": 0.9742489270386266,
            "threshold": 0.11087360233068466
        }
    },
    "6": {
        "best f1 under pa": {
            "f1": 0.9999999999999996,
            "precision": 1.0,
            "recall": 1.0,
            "threshold": 0.6778415441513062
        }
    },
    "40": {
        "best f1 under pa": {
            "f1": 0.9999999999999996,
            "precision": 1.0,
            "recall": 1.0,
            "threshold": 1.2867532968521118
        }
    },
    "41": {
        "best f1 under pa": {
            "f1": 0.9959432048681536,
            "precision": 0.9919191919191919,
            "recall": 1.0,
            "threshold": 0.4485553205013275
        }
    },
    "55": {
        "best f1 under pa": {
            "f1": 0.9607843137254897,
            "precision": 0.9245283018867925,
            "recall": 1.0,
            "threshold": 0.04844976216554642
        }
    },
    "7": {
        "best f1 under pa": {
            "f1": 0.9791666666666661,
            "precision": 0.9591836734693877,
            "recall": 1.0,
            "threshold": 0.21299974620342255
        }
    },
    "51": {
        "best f1 under pa": {
            "f1": 0.9999999999999996,
            "precision": 1.0,
            "recall": 1.0,
            "threshold": 0.6029582023620605
        }
    },
    "45": {
        "best f1 under pa": {
            "f1": 0.9839572192513364,
            "precision": 0.968421052631579,
            "recall": 1.0,
            "threshold": 0.02529883198440075
        }
    },
    "44": {
        "best f1 under pa": {
            "f1": 0.9821843532145619,
            "precision": 0.990625,
            "recall": 0.9738863287250384,
            "threshold": 0.20205983519554138
        }
    },
    "2": {
        "best f1 under pa": {
            "f1": 0.9999999999999996,
            "precision": 1.0,
            "recall": 1.0,
            "threshold": 0.938184380531311
        }
    },
    "50": {
        "best f1 under pa": {
            "f1": 0.9999999999999996,
            "precision": 1.0,
            "recall": 1.0,
            "threshold": 0.876937747001648
        }
    },
    "46": {
        "best f1 under pa": {
            "f1": 0.9937499999999995,
            "precision": 1.0,
            "recall": 0.9875776397515528,
            "threshold": 0.43255335092544556
        }
    },
    "52": {
        "best f1 under pa": {
            "f1": 0.9956331877729252,
            "precision": 0.991304347826087,
            "recall": 1.0,
            "threshold": 0.18066997826099396
        }
    },
    "0": {
        "best f1 under pa": {
            "f1": 0.9999999999999996,
            "precision": 1.0,
            "recall": 1.0,
            "threshold": 1.077608346939087
        }
    },
    "1": {
        "best f1 under pa": {
            "f1": 0.9990900818926292,
            "precision": 0.9981818181818182,
            "recall": 1.0,
            "threshold": 0.4164316654205322
        }
    },
    "47": {
        "best f1 under pa": {
            "f1": 0.9915966386554615,
            "precision": 0.9833333333333333,
            "recall": 1.0,
            "threshold": 0.3001178503036499
        }
    },
    "49": {
        "best f1 under pa": {
            "f1": 0.9999999999999996,
            "precision": 1.0,
            "recall": 1.0,
            "threshold": 1.4716403484344482
        }
    },
    "59": {
        "best f1 under pa": {
            "f1": 0.9999999999999996,
            "precision": 1.0,
            "recall": 1.0,
            "threshold": 1.0579110383987427
        }
    },
    "9": {
        "best f1 under pa": {
            "f1": 0.9999999999999996,
            "precision": 1.0,