{
    "best f1 under pa": {
        "f1": 0.9916573563152941,
        "precision": 0.9899346819021463,
        "recall": 0.9939326420488782
    }
}