{
    "best f1 under pa": {
        "f1": 0.9916573563152942,
        "precision": 0.9899346819021462,
        "recall": 0.9939326420488781
    }
}