{
    "best f1 under pa": {
        "f1": 0.9981156496052288,
        "precision": 0.9962506095889306,
        "recall": 1.0
    }
}