{
    "best f1 under pa": {
        "f1": 0.9981156496052289,
        "precision": 0.9962506095889309,
        "recall": 1.0
    }
}