{
    "train_and_valid": 842.1329067312181,
    "test": 2815.22466328647
}