{
    "train_and_valid": 320.33438626956195,
    "test": 8.073106901720166
}