{
    "train_and_valid": 1386.4319612644613,
    "test": 114.27399990521371
}