{
    "train_and_valid": 158.20852832961828,
    "test": 147.50621526222676
}