{
    "train_and_valid": 45.29453612677753,
    "test": 102.6187549335882
}