{
    "train_and_valid": 132.70208575204015,
    "test": 1.9648720808327198
}