{
    "train_and_valid": 7296.134219811298,
    "test": 669.2637235196307
}