{
    "train_and_valid": 16429.41348511353,
    "test": 154.60538051836193
}