{
    "f0932edd-6400-3e63-9559-0a9860a1baa9": {
        "best f1 under pa": {
            "f1": 0.589483997387328,
            "precision": 0.6993413405656722,
            "recall": 0.5094552639006492,
            "threshold": 42272.72341804851
        }
    },
    "a8c06b47-cc41-3738-9110-12df0ee4c721": {
        "best f1 under pa": {
            "f1": 0.6280991735537186,
            "precision": 1.0,
            "recall": 0.4578313253012048,
            "threshold": 1535.0689770806728
        }
    },
    "42d6616d-c9c5-370a-a8ba-17ead74f3114": {
        "best f1 under pa": {
            "f1": 0.7569301260022905,
            "precision": 0.7673014398513702,
            "recall": 0.7468354430379747,
            "threshold": 26590.969054753114
        }
    },
    "ffb82d38-5f00-37db-abc0-5d2e4e4cb6aa": {
        "best f1 under pa": {
            "f1": 0.9010218087540028,
            "precision": 0.9315673289183223,
            "recall": 0.8724158298877732,
            "threshold": 12334.813017630877
        }
    },
    "54350a12-7a9d-3ca8-b81f-f886b9d156fd": {
        "best f1 under pa": {
            "f1": 0.643391521197007,
            "precision": 0.49615384615384617,
            "recall": 0.9148936170212766,
            "threshold": 1217.105677933391
        }
    },
    "8723f0fb-eaef-32e6-b372-6034c9c04b80": {
        "best f1 under pa": {
            "f1": 0.21655480984339995,
            "precision": 0.21723518850987433,
            "recall": 0.215878679750223,
            "threshold": 11198.451591726336
        }
    },
    "847e8ecc-f8d2-3a93-9107-f367a0aab37d": {
        "best f1 under pa": {
            "f1": 0.4740148486579093,
            "precision": 0.3414232825997532,
            "recall": 0.7749766573295985,
            "threshold": 20128.3003608972
        }
    },
    "301c70d8-1630-35ac-8f96-bc1b6f4359ea": {
        "best f1 under pa": {
            "f1": 0.2443729903536973,
            "precision": 0.29457364341085274,
            "recall": 0.2087912087912088,
            "threshold": 456.8381735884511
        }
    },
    "431a8542-c468-3988-a508-3afd06a218da": {
        "best f1 under pa": {
            "f1": 0.45076060848678895,
            "precision": 0.5663983903420523,
            "recall": 0.37433510638297873,
            "threshold": 16590.228574274348
        }
    },
    "57051487-3a40-3828-9084-a12f7f23ee38": {
        "best f1 under pa": {
            "f1": 0.5277777777777773,
            "precision": 0.3931034482758621,
            "recall": 0.8028169014084507,
            "threshold": 65067.9507398419
        }
    },
    "0efb375b-b902-3661-ab23-9a0bb799f4e3": {
        "best f1 under pa": {
            "f1": 0.17054263565891437,
            "precision": 0.39285714285714285,
            "recall": 0.10891089108910891,
            "threshold": 695.8546096672432
        }
    },
    "43115f2a-baeb-3b01-96f7-4ea14188343c": {
        "best f1 under pa": {
            "f1": 0.6009389671361497,
            "precision": 0.5638766519823789,
            "recall": 0.6432160804020101,
            "threshold": 10573.047439720423
        }
    },
    "1c6d7a26-1f1a-3321-bb4d-7a9d969ec8f0": {
        "best f1 under pa": {
            "f1": 0.3920634920634916,
            "precision": 0.30778816199376946,
            "recall": 0.5398907103825137,
            "threshold": 23442.357648022167
        }
    },
    "c69a50cf-ee03-3bd7-831e-407d36c7ee91": {
        "best f1 under pa": {
            "f1": 0.3861209964412807,
            "precision": 0.2743362831858407,
            "recall": 0.6516516516516516,
            "threshold": 21773.439451767867
        }
    },
    "55f8b8b8-b659-38df-b3df-e4a5a8a54bc9": {
        "best f1 under pa": {
            "f1": 0.40945874934314197,
            "precision": 0.3102899012424339,
            "recall": 0.6017917825146741,
            "threshold": 5663.333673295972
        }
    },
    "e0747cad-8dc8-38a9-a9ab-855b61f5551d": {
        "best f1 under pa": {
            "f1": 0.2431372549019603,
            "precision": 0.34831460674157305,
            "recall": 0.18674698795180722,
            "threshold": 980.2806409814548
        }
    },
    "6efa3a07-4544-34a0-b921-a155bd1a05e8": {
        "best f1 under pa": {
            "f1": 0.4971751412429374,
            "precision": 0.4745031582190726,
            "recall": 0.5221223936260383,
            "threshold": 34902.63403596121
        }
    },
    "6d1114ae-be04-3c46-b5aa-be1a003a57cd": {
        "best f1 under pa": {
            "f1": 0.22440944881889718,
            "precision": 0.1690558576371725,
            "recall": 0.3336585365853659,
            "threshold": 9933.34133239956
        }
    },
    "c02607e8-7399-3dde-9d28-8a8da5e5d251": {
        "best f1 under pa": {
            "f1": 0.0948970456580124,
            "precision": 0.05140640155189137,
            "recall": 0.6162790697674418,
            "threshold": 401.25181947063265
        }
    },
    "9c639a46-34c8-39bc-aaf0-9144b37adfc8": {
        "best f1 under pa": {
            "f1": 0.5082095387021104,
            "precision": 0.5453020134228188,
            "recall": 0.47584187408491946,
            "threshold": 11028.66722824824
        }
    },
    "4d2af31a-9916-3d9f-8a8e-8a268a48c095": {
        "best f1 under pa": {
            "f1": 0.909795412275263,
            "precision": 0.8891245077249318,
            "recall": 0.9314503332275468,
            "threshold": 12554.029099599335
        }
    },
    "05f10d3a-239c-3bef-9bdc-a2feeb0037aa": {
        "best f1 under pa": {
            "f1": 0.49685534591194913,
            "precision": 0.37708830548926014,
            "recall": 0.728110599078341,
            "threshold": 20176.930867214458
        }
    },
    "adb2fde9-8589-3f5b-a410-5fe14386c7af": {
        "best f1 under pa": {
            "f1": 0.7140477512493054,
            "precision": 0.8654104979811574,
            "recall": 0.6077504725897921,
            "threshold": 28933.911820946298
        }
    },
    "da10a69f-d836-3baa-ad40-3e548ecf1fbd": {
        "best f1 under pa": {
            "f1": 0.5021949078138713,
            "precision": 0.772103487064117,
            "recall": 0.3721131952726878,
            "threshold": 15431.756142282018
        }
    },
    "ab216663-dcc2-3a24-b1ee-2c3e550e06c9": {
        "best f1 under pa": {
            "f1": 0.11860465116279019,
            "precision": 0.11805555555555555,
            "recall": 0.1191588785046729,
            "threshold": 795.5023090421337
        }
    },
    "a07ac296-de40-3a7c-8df3-91f642cc14d0": {
        "best f1 under pa": {
            "f1": 0.6194331983805662,
            "precision": 0.6538461538461539,
            "recall": 0.5884615384615385,
            "threshold": 12876.056619017276
        }
    },
    "6a757df4-95e5-3357-8406-165e2bd49360": {
        "best f1 under pa": {
            "f1": 0.9504885993485337,
            "precision": 0.9379620700739312,
            "recall": 0.9633542423241994,
            "threshold": 22281.463502777715
        }
    },
    "ba5f3328-9f3f-3ff5-a683-84437d16d554": {
        "best f1 under pa": {
            "f1": 0.3671565745639816,
            "precision": 0.2561802669000219,
            "recall": 0.6477665606416817,
            "threshold": 5096.9817373700025
        }
    },
    "7103fa0f-cac4-314f-addc-866190247439": {
        "best f1 under pa": {
            "f1": 0.3459335624284074,
            "precision": 0.21388101983002833,
            "recall": 0.9041916167664671,
            "threshold": 49901.720376667836
        }
    }
}