{
    "best f1 under pa": {
        "f1": 0.48220244603846496,
        "precision": 0.4906372397216157,
        "recall": 0.5662309464735792
    }
}