{
    "best f1 under pa": {
        "f1": 0.4822024460384649,
        "precision": 0.49063723972161577,
        "recall": 0.5662309464735791
    }
}