{
    "best f1 under pa": {
        "f1": 0.5503809364777817,
        "precision": 0.5151035456108242,
        "recall": 0.9285161324584433
    }
}