{
    "best f1 under pa": {
        "f1": 0.5503809364777816,
        "precision": 0.5151035456108245,
        "recall": 0.9285161324584433
    }
}