{
    "best f1 under pa": {
        "f1": 0.2300880356093362,
        "precision": 0.21895958886475778,
        "recall": 0.7897758569396616
    }
}