{
    "train_and_valid": 10.503662798553705,
    "test": 0.24907191470265388
}