{
    "train_and_valid": 11.907567357644439,
    "test": 0.1566505478695035
}