{
    "train_and_valid": 2855.54292048607,
    "test": 109.8691358147189
}