{
    "train_and_valid": 2684.04415121302,
    "test": 394.4731784276664
}