{
    "train_and_valid": 47.14102156087756,
    "test": 0.1987821450456977
}