{
    "train_and_valid": 184.4454264678061,
    "test": 31.81783862877637
}