{
    "best f1 under pa": {
        "f1": 0.43507467250631887,
        "precision": 0.41039192042048717,
        "recall": 0.739499708950175
    }
}