{
    "best f1 under pa": {
        "f1": 0.43507467250631854,
        "precision": 0.41039192042048706,
        "recall": 0.7394997089501751
    }
}