{
    "train_and_valid": 2882.615303868428,
    "test": 383.6686752680689
}