{
    "train_and_valid": 6.301232780329883,
    "test": 20.499258939176798
}