{
    "train_and_valid": 3923.1188952736557,
    "test": 263.39580760803074
}