{
    "train_and_valid": 6297.374028654769,
    "test": 1765.36287294887
}