{
    "train_and_valid": 741.5891506075859,
    "test": 69.03234515618533
}