{
    "best f1 under pa": {
        "f1": 0.9506904574117842,
        "precision": 0.9284844572610758,
        "recall": 0.9951988998376449
    }
}