{
    "best f1 under pa": {
        "f1": 0.8368881103339012,
        "precision": 0.809641670904262,
        "recall": 0.9632597904960918
    }
}