{
    "best f1 under pa": {
        "f1": 0.8368881103339011,
        "precision": 0.8096416709042623,
        "recall": 0.9632597904960918
    }
}