{
    "train_and_valid": 1172.4206650145352,
    "test": 40.229638773947954
}