{
    "57051487-3a40-3828-9084-a12f7f23ee38": {
        "best f1 under pa": {
            "f1": 0.9659863945578226,
            "precision": 0.9342105263157895,
            "recall": 1.0,
            "threshold": 1233.0299072265625
        }
    },
    "301c70d8-1630-35ac-8f96-bc1b6f4359ea": {
        "best f1 under pa": {
            "f1": 0.2211055276381906,
            "precision": 0.14332247557003258,
            "recall": 0.4835164835164835,
            "threshold": 2.0873584747314453
        }
    },
    "431a8542-c468-3988-a508-3afd06a218da": {
        "best f1 under pa": {
            "f1": 0.921124206708975,
            "precision": 0.940958555221116,
            "recall": 0.9021087680355161,
            "threshold": 0.38512858748435974
        }
    },
    "847e8ecc-f8d2-3a93-9107-f367a0aab37d": {
        "best f1 under pa": {
            "f1": 0.9733079122974255,
            "precision": 0.994157740993184,
            "recall": 0.9533146591970122,
            "threshold": 4.879483699798584
        }
    },
    "54350a12-7a9d-3ca8-b81f-f886b9d156fd": {
        "best f1 under pa": {
            "f1": 0.713924050632911,
            "precision": 0.5551181102362205,
            "recall": 1.0,
            "threshold": 17.052963256835938
        }
    },
    "8723f0fb-eaef-32e6-b372-6034c9c04b80": {
        "best f1 under pa": {
            "f1": 0.5865168539325838,
            "precision": 0.7921092564491654,
            "recall": 0.4656556645851918,
            "threshold": 0.8937423825263977
        }
    },
    "42d6616d-c9c5-370a-a8ba-17ead74f3114": {
        "best f1 under pa": {
            "f1": 0.9742347500550533,
            "precision": 0.9497638471446973,
            "recall": 1.0,
            "threshold": 0.8817688226699829
        }
    },
    "ffb82d38-5f00-37db-abc0-5d2e4e4cb6aa": {
        "best f1 under pa": {
            "f1": 0.9925252821339582,
            "precision": 0.9851614780331684,
            "recall": 1.0,
            "threshold": 0.5491723418235779
        }
    },
    "a8c06b47-cc41-3738-9110-12df0ee4c721": {
        "best f1 under pa": {
            "f1": 0.9299719887955176,
            "precision": 0.8691099476439791,
            "recall": 1.0,
            "threshold": 11.869025230407715
        }
    },
    "f0932edd-6400-3e63-9559-0a9860a1baa9": {
        "best f1 under pa": {
            "f1": 0.8514717796381307,
            "precision": 0.8162050220036241,
            "recall": 0.8899237933954276,
            "threshold": 0.8985755443572998
        }
    },
    "7103fa0f-cac4-314f-addc-866190247439": {
        "best f1 under pa": {
            "f1": 0.7957746478873234,
            "precision": 0.9658119658119658,
            "recall": 0.6766467065868264,
            "threshold": 223.55722045898438
        }
    },
    "ab216663-dcc2-3a24-b1ee-2c3e550e06c9": {
        "best f1 under pa": {
            "f1": 0.17205081669691444,
            "precision": 0.10184787279759347,
            "recall": 0.5537383177570093,
            "threshold": 1.6818562746047974
        }
    },
    "a07ac296-de40-3a7c-8df3-91f642cc14d0": {
        "best f1 under pa": {
            "f1": 0.796125253435458,
            "precision": 0.9608482871125612,
            "recall": 0.6796153846153846,
            "threshold": 0.7090756297111511
        }
    },
    "ba5f3328-9f3f-3ff5-a683-84437d16d554": {
        "best f1 under pa": {
            "f1": 0.9485521885521879,
            "precision": 0.9243995274970469,
            "recall": 0.9740008297607523,
            "threshold": 0.3251585364341736
        }
    },
    "6a757df4-95e5-3357-8406-165e2bd49360": {
        "best f1 under pa": {
            "f1": 0.9520897043832818,
            "precision": 0.9807490374518726,
            "recall": 0.9250577748431825,
            "threshold": 3.417262554168701
        }
    },
    "da10a69f-d836-3baa-ad40-3e548ecf1fbd": {
        "best f1 under pa": {
            "f1": 0.9144164759725395,
            "precision": 0.8610419459873587,
            "recall": 0.9748454949582566,
            "threshold": 0.7831833362579346
        }
    },
    "05f10d3a-239c-3bef-9bdc-a2feeb0037aa": {
        "best f1 under pa": {
            "f1": 0.9413193039255356,
            "precision": 0.9948674080410608,
            "recall": 0.8932411674347158,
            "threshold": 2.214233160018921
        }
    },
    "adb2fde9-8589-3f5b-a410-5fe14386c7af": {
        "best f1 under pa": {
            "f1": 0.9417040358744388,
            "precision": 0.8959044368600683,
            "recall": 0.9924385633270322,
            "threshold": 0.6935397982597351
        }
    },
    "4d2af31a-9916-3d9f-8a8e-8a268a48c095": {
        "best f1 under pa": {
            "f1": 0.9519003311780471,
            "precision": 0.9460815047021943,
            "recall": 0.9577911774039988,
            "threshold": 0.7370138764381409
        }
    },
    "9c639a46-34c8-39bc-aaf0-9144b37adfc8": {
        "best f1 under pa": {
            "f1": 0.8757763975155275,
            "precision": 0.9322314049586777,
            "recall": 0.8257686676427526,
            "threshold": 0.1933753788471222
        }
    },
    "6efa3a07-4544-34a0-b921-a155bd1a05e8": {
        "best f1 under pa": {
            "f1": 0.8462940943321438,
            "precision": 0.7948183442525313,
            "recall": 0.9048991354466859,
            "threshold": 0.9812911748886108
        }
    },
    "55f8b8b8-b659-38df-b3df-e4a5a8a54bc9": {
        "best f1 under pa": {
            "f1": 0.9674970344009485,
            "precision": 0.9912493923189111,
            "recall": 0.9448563484708064,
            "threshold": 0.46674180030822754
        }
    },
    "e0747cad-8dc8-38a9-a9ab-855b61f5551d": {
        "best f1 under pa": {
            "f1": 0.2561983471074376,
            "precision": 0.40789473684210525,
            "recall": 0.18674698795180722,
            "threshold": 5.516443252563477
        }
    },
    "6d1114ae-be04-3c46-b5aa-be1a003a57cd": {
        "best f1 under pa": {
            "f1": 0.6594124047878123,
            "precision": 0.5248267898383372,
            "recall": 0.8868292682926829,
            "threshold": 0.5316291451454163
        }
    },
    "c02607e8-7399-3dde-9d28-8a8da5e5d251": {
        "best f1 under pa": {
            "f1": 0.43636363636363595,
            "precision": 1.0,
            "recall": 0.27906976744186046,
            "threshold": 4.415829658508301
        }
    },
    "c69a50cf-ee03-3bd7-831e-407d36c7ee91": {
        "best f1 under pa": {
            "f1": 0.9135163127912993,
            "precision": 0.9463519313304721,
            "recall": 0.8828828828828829,
            "threshold": 3.128441333770752
        }
    },
    "0efb375b-b902-3661-ab23-9a0bb799f4e3": {
        "best f1 under pa": {
            "f1": 0.07869481765834925,
            "precision": 0.04135148764498235,
            "recall": 0.8118811881188119,
            "threshold": 1.688100814819336
        }
    },
    "43115f2a-baeb-3b01-96f7-4ea14188343c": {
        "best f1 under pa": {
            "f1": 0.9220779220779216,
            "precision": 0.9543010752688172,
            "recall": 0.8919597989949749,
            "threshold": 0.339252769947052
        }
    },
    "1c6d7a26-1f1a-3321-bb4d-7a9d969ec8f0": {
        "best f1 under pa": {
            "f1": 0.9270833333333327,
            "precision": 0.985239852398524,
            "recall": 0.8754098360655738,
            "threshold": 3.128307342529297
        }
    }
}