{
    "best f1 under pa": {
        "f1": 0.773345372574645,
        "precision": 0.7996528951974501,
        "recall": 0.821110298852608
    }
}