{
    "best f1 under pa": {
        "f1": 0.7733453725746449,
        "precision": 0.7996528951974502,
        "recall": 0.821110298852608
    }
}