{
    "train_and_valid": 56.36267862748355,
    "test": 1.5364350331947207
}