{
    "train_and_valid": 38.18472444266081,
    "test": 2.9394996762275696
}