{
    "best f1 under pa": {
        "f1": 0.8574433767691867,
        "precision": 0.8479621325080113,
        "recall": 0.8816834011823624
    }
}