{
    "train_and_valid": 1.9062576778233051,
    "test": 1.0689526330679655
}