{
    "train_and_valid": 45.941651112399995,
    "test": 2.864232753403485
}