{
    "train_and_valid": 695.347429683432,
    "test": 6.691892895847559
}