{
    "train_and_valid": 359.3072157809511,
    "test": 13.715970632620156
}