{
    "train_and_valid": 551.9657921139151,
    "test": 27.95227351784706
}