{
    "train_and_valid": 1138.379605744034,
    "test": 167.14474059827626
}