{
    "train_and_valid": 365.8643730394542,
    "test": 1.9873483637347817
}