{
    "train_and_valid": 16.871115586720407,
    "test": 0.8768634656444192
}