{
    "train_and_valid": 1358.3823835588992,
    "test": 700.5998094202951
}