{
    "best f1 under pa": {
        "f1": 0.8067580567580561,
        "precision": 0.7077810670793245,
        "recall": 0.9384615384615385
    }
}