{
    "train_and_valid": 1395.5868735536933,
    "test": 193.178658278659
}