{
    "best f1 under pa": {
        "f1": 0.9101320099983022,
        "precision": 0.908157070861076,
        "recall": 0.923876963413264
    }
}