{
    "best f1 under pa": {
        "f1": 0.9101320099983022,
        "precision": 0.9081570708610758,
        "recall": 0.923876963413264
    }
}