{
    "train_and_valid": 0.6633475068956614,
    "test": 0.6240432374179363
}