{
    "train_and_valid": 3236.343123374507,
    "test": 35.63835993595421
}