{
    "train_and_valid": 839.0618056701496,
    "test": 25.460009393282235
}