{
    "best f1 under pa": {
        "f1": 0.6167624557243532,
        "precision": 0.5347606653963457,
        "recall": 1.0
    }
}