{
    "train_and_valid": 718.2467189664021,
    "test": 27.48522953502834
}