{
    "train_and_valid": 735.2361655710265,
    "test": 30.482725610025227
}