{
    "train_and_valid": 3407.8907961258665,
    "test": 159.36814187001437
}