{
    "train_and_valid": 175.84922725800425,
    "test": 44.40234557725489
}