{
    "best f1 under pa": {
        "f1": 0.8823196806351392,
        "precision": 0.8418985390371612,
        "recall": 1.0
    }
}