{
    "best f1 under pa": {
        "f1": 0.8823196806351394,
        "precision": 0.8418985390371616,
        "recall": 1.0
    }
}