{
    "train_and_valid": 5.01844503171742,
    "test": 4.767541402950883
}