{
    "c02607e8-7399-3dde-9d28-8a8da5e5d251": {
        "best f1 under pa": {
            "f1": 0.9608938547486027,
            "precision": 0.9247311827956989,
            "recall": 1.0,
            "threshold": 0.039248108863830566
        }
    },
    "a8c06b47-cc41-3738-9110-12df0ee4c721": {
        "best f1 under pa": {
            "f1": 0.9225806451612898,
            "precision": 0.9930555555555556,
            "recall": 0.8614457831325302,
            "threshold": 0.1080264151096344
        }
    },
    "6d1114ae-be04-3c46-b5aa-be1a003a57cd": {
        "best f1 under pa": {
            "f1": 0.8479582971329274,
            "precision": 0.7642913077525451,
            "recall": 0.9521951219512195,
            "threshold": 0.01078822836279869
        }
    },
    "1c6d7a26-1f1a-3321-bb4d-7a9d969ec8f0": {
        "best f1 under pa": {
            "f1": 0.9106659447753107,
            "precision": 0.9023605150214592,
            "recall": 0.9191256830601093,
            "threshold": 0.011602465994656086
        }
    },
    "54350a12-7a9d-3ca8-b81f-f886b9d156fd": {
        "best f1 under pa": {
            "f1": 0.9155844155844151,
            "precision": 0.844311377245509,
            "recall": 1.0,
            "threshold": 0.1004323810338974
        }
    },
    "301c70d8-1630-35ac-8f96-bc1b6f4359ea": {
        "best f1 under pa": {
            "f1": 0.8326745718050061,
            "precision": 0.8,
            "recall": 0.8681318681318682,
            "threshold": 0.03850885480642319
        }
    },
    "8723f0fb-eaef-32e6-b372-6034c9c04b80": {
        "best f1 under pa": {
            "f1": 0.9074967119684344,
            "precision": 0.8922413793103449,
            "recall": 0.9232827832292596,
            "threshold": 0.01657709851861
        }
    },
    "e0747cad-8dc8-38a9-a9ab-855b61f5551d": {
        "best f1 under pa": {
            "f1": 0.9623188405797096,
            "precision": 0.9273743016759777,
            "recall": 1.0,
            "threshold": 0.04257044568657875
        }
    },
    "57051487-3a40-3828-9084-a12f7f23ee38": {
        "best f1 under pa": {
            "f1": 0.9930069930069925,
            "precision": 0.9861111111111112,
            "recall": 1.0,
            "threshold": 0.5906862020492554
        }
    },
    "da10a69f-d836-3baa-ad40-3e548ecf1fbd": {
        "best f1 under pa": {
            "f1": 0.8979701428417993,
            "precision": 0.8895627194382381,
            "recall": 0.9065380028190394,
            "threshold": 0.01849881000816822
        }
    },
    "ab216663-dcc2-3a24-b1ee-2c3e550e06c9": {
        "best f1 under pa": {
            "f1": 0.8053691275167779,
            "precision": 0.7725321888412017,
            "recall": 0.8411214953271028,
            "threshold": 0.002275200793519616
        }
    },
    "f0932edd-6400-3e63-9559-0a9860a1baa9": {
        "best f1 under pa": {
            "f1": 0.9327626674030093,
            "precision": 0.912972972972973,
            "recall": 0.9534292972057579,
            "threshold": 0.0006969207315705717
        }
    },
    "0efb375b-b902-3661-ab23-9a0bb799f4e3": {
        "best f1 under pa": {
            "f1": 0.9099999999999995,
            "precision": 0.9191919191919192,
            "recall": 0.900990099009901,
            "threshold": 0.02127949148416519
        }
    },
    "c69a50cf-ee03-3bd7-831e-407d36c7ee91": {
        "best f1 under pa": {
            "f1": 0.9286442405708456,
            "precision": 0.9460020768431984,
            "recall": 0.9119119119119119,
            "threshold": 0.015637235715985298
        }
    },
    "ba5f3328-9f3f-3ff5-a683-84437d16d554": {
        "best f1 under pa": {
            "f1": 0.9837459707838964,
            "precision": 0.97578231292517,
            "recall": 0.9918406859355553,
            "threshold": 0.010392731055617332
        }
    },
    "adb2fde9-8589-3f5b-a410-5fe14386c7af": {
        "best f1 under pa": {
            "f1": 0.7799954117916947,
            "precision": 0.7579135086937138,
            "recall": 0.8034026465028355,
            "threshold": 0.003462735563516617
        }
    },
    "a07ac296-de40-3a7c-8df3-91f642cc14d0": {
        "best f1 under pa": {
            "f1": 0.8644203770557557,
            "precision": 0.9031852472757753,
            "recall": 0.8288461538461539,
            "threshold": 0.004313979297876358
        }
    },
    "4d2af31a-9916-3d9f-8a8e-8a268a48c095": {
        "best f1 under pa": {
            "f1": 0.9830295411690754,
            "precision": 0.9735449735449735,
            "recall": 0.9927007299270073,
            "threshold": 0.0018480983562767506
        }
    },
    "ffb82d38-5f00-37db-abc0-5d2e4e4cb6aa": {
        "best f1 under pa": {
            "f1": 0.9899137552989323,
            "precision": 0.9800289435600579,
            "recall": 1.0,
            "threshold": 0.0028668195009231567
        }
    },
    "55f8b8b8-b659-38df-b3df-e4a5a8a54bc9": {
        "best f1 under pa": {
            "f1": 0.9568469074863505,
            "precision": 0.9275047121937074,
            "recall": 0.9881062712388013,
            "threshold": 0.006573433056473732
        }
    },
    "431a8542-c468-3988-a508-3afd06a218da": {
        "best f1 under pa": {
            "f1": 0.9515941107933475,
            "precision": 0.9113410428078718,
            "recall": 0.9955673758865248,
            "threshold": 0.010468446649610996
        }
    },
    "42d6616d-c9c5-370a-a8ba-17ead74f3114": {
        "best f1 under pa": {
            "f1": 0.8079150579150575,
            "precision": 0.8664596273291926,
            "recall": 0.7567811934900542,
            "threshold": 0.003978969529271126
        }
    },
    "43115f2a-baeb-3b01-96f7-4ea14188343c": {
        "best f1 under pa": {
            "f1": 0.8839779005524856,
            "precision": 0.9815950920245399,
            "recall": 0.8040201005025126,
            "threshold": 0.005631929263472557
        }
    },
    "9c639a46-34c8-39bc-aaf0-9144b37adfc8": {
        "best f1 under pa": {
            "f1": 0.8327670819177041,
            "precision": 0.8597038191738113,
            "recall": 0.8074670571010248,
            "threshold": 0.0017690400127321482
        }
    },
    "05f10d3a-239c-3bef-9bdc-a2feeb0037aa": {
        "best f1 under pa": {
            "f1": 0.9540796963946864,
            "precision": 0.9429857464366092,
            "recall": 0.9654377880184332,
            "threshold": 0.010890179313719273
        }
    },
    "7103fa0f-cac4-314f-addc-866190247439": {
        "best f1 under pa": {
            "f1": 0.8837209302325576,
            "precision": 0.9925373134328358,
            "recall": 0.7964071856287425,
            "threshold": 0.02515183389186859
        }
    },
    "6efa3a07-4544-34a0-b921-a155bd1a05e8": {
        "best f1 under pa": {
            "f1": 0.831481481481481,
            "precision": 0.8257816418659087,
            "recall": 0.83726055263604,
            "threshold": 0.011249943636357784
        }
    },
    "6a757df4-95e5-3357-8406-165e2bd49360": {
        "best f1 under pa": {
            "f1": 0.9374154262516909,
            "precision": 0.9611515782171349,
            "recall": 0.9148233740508419,
            "threshold": 0.011334179900586605
        }
    },
    "847e8ecc-f8d2-3a93-9107-f367a0aab37d": {
        "best f1 under pa": {
            "f1": 0.9596774193548382,
            "precision": 0.9224806201550387,
            "recall": 1.0,
            "threshold": 0.00430946284905076
        }
    }
}