{
    "best f1 under pa": {
        "f1": 0.9078795697094717,
        "precision": 0.9054046478411062,
        "recall": 0.914511488294594
    }
}