{
    "train_and_valid": 40.53757517505437,
    "test": 0.8824539557099342
}