{
    "train_and_valid": 1615.4968156954274,
    "test": 103.84261688403785
}