{
    "best f1 under pa": {
        "f1": 0.8150245500806118,
        "precision": 0.8350660239570797,
        "recall": 0.8660977435564731
    }
}