{
    "best f1 under pa": {
        "f1": 0.8150245500806119,
        "precision": 0.83506602395708,
        "recall": 0.8660977435564727
    }
}