{
    "train_and_valid": 500.6304162405431,
    "test": 45.43064538389444
}