{
    "train_and_valid": 102.05291430093348,
    "test": 3.4836626974865794
}