{
    "train_and_valid": 13.863641049712896,
    "test": 14.581663033924997
}