{
    "20": {
        "best f1 under pa": {
            "f1": 0.0,
            "precision": 0.0,
            "recall": 0.0,
            "threshold": 0.0
        }
    },
    "34": {
        "best f1 under pa": {
            "f1": 0.9309664694280073,
            "precision": 0.9874476987447699,
            "recall": 0.8805970149253731,
            "threshold": 3.0010907649993896
        }
    },
    "35": {
        "best f1 under pa": {
            "f1": 0.9999999999999996,
            "precision": 1.0,
            "recall": 1.0,
            "threshold": 35.03782272338867
        }
    },
    "21": {
        "best f1 under pa": {
            "f1": 0.9898674980514414,
            "precision": 0.9952978056426333,
            "recall": 0.9844961240310077,
            "threshold": 1.2608716487884521
        }
    },
    "37": {
        "best f1 under pa": {
            "f1": 0.9999999999999996,
            "precision": 1.0,
            "recall": 1.0,
            "threshold": 60.47267150878906
        }
    },
    "22": {
        "best f1 under pa": {
            "f1": 0.9999999999999996,
            "precision": 1.0,
            "recall": 1.0,
            "threshold": 111.0007095336914
        }
    },
    "36": {
        "best f1 under pa": {
            "f1": 0.9247822644497223,
            "precision": 0.8600883652430045,
            "recall": 1.0,
            "threshold": 4.270400524139404
        }
    },
    "32": {
        "best f1 under pa": {
            "f1": 0.9999999999999996,
            "precision": 1.0,
            "recall": 1.0,
            "threshold": 50.66951370239258
        }
    },
    "26": {
        "best f1 under pa": {
            "f1": 0.9765258215962436,
            "precision": 0.985781990521327,
            "recall": 0.9674418604651163,
            "threshold": 1.6096625328063965
        }
    },
    "27": {
        "best f1 under pa": {
            "f1": 0.9999999999999996,
            "precision": 1.0,
            "recall": 1.0,
            "threshold": 100.12886810302734
        }
    },
    "25": {
        "best f1 under pa": {
            "f1": 0.9647058823529406,
            "precision": 0.9318181818181818,
            "recall": 1.0,
            "threshold": 6.298877716064453
        }
    },
    "31": {
        "best f1 under pa": {
            "f1": 0.993775933609958,
            "precision": 0.9876288659793815,
            "recall": 1.0,
            "threshold": 5.922718048095703
        }
    },
    "19": {
        "best f1 under pa": {
            "f1": 0.0,
            "precision": 0.0,
            "recall": 0.0,
            "threshold": 0.0
        }
    },
    "30": {
        "best f1 under pa": {
            "f1": 0.0,
            "precision": 0.0,
            "recall": 0.0,
            "threshold": 0.0
        }
    },
    "24": {
        "best f1 under pa": {
            "f1": 0.959314775160599,
            "precision": 1.0,
            "recall": 0.9218106995884774,
            "threshold": 6.1887922286987305
        }
    },
    "5": {
        "best f1 under pa": {
            "f1": 0.9999999999999996,
            "precision": 1.0,
            "recall": 1.0,
            "threshold": 15.749954223632812
        }
    },
    "57": {
        "best f1 under pa": {
            "f1": 0.9999999999999996,
            "precision": 1.0,
            "recall": 1.0,
            "threshold": 77.6749267578125
        }
    },
    "4": {
        "best f1 under pa": {
            "f1": 0.9508742714404658,
            "precision": 0.9224555735056543,
            "recall": 0.9810996563573883,
            "threshold": 3.050448417663574
        }
    },
    "56": {
        "best f1 under pa": {
            "f1": 0.9701195219123501,
            "precision": 0.941972920696325,
            "recall": 1.0,
            "threshold": 14.926705360412598
        }
    },
    "42": {
        "best f1 under pa": {
            "f1": 0.9999999999999996,
            "precision": 1.0,
            "recall": 1.0,
            "threshold": 48.5053825378418
        }
    },
    "54": {
        "best f1 under pa": {
            "f1": 0.9738134206219308,
            "precision": 0.9818481848184818,
            "recall": 0.9659090909090909,
            "threshold": 10.890043258666992
        }
    },
    "6": {
        "best f1 under pa": {
            "f1": 0.9926238145416222,
            "precision": 0.9853556485355649,
            "recall": 1.0,
            "threshold": 8.53886604309082
        }
    },
    "40": {
        "best f1 under pa": {
            "f1": 0.0,
            "precision": 0.0,
            "recall": 0.0,
            "threshold": 0.0
        }
    },
    "41": {
        "best f1 under pa": {
            "f1": 0.998982706002034,
            "precision": 0.9979674796747967,
            "recall": 1.0,
            "threshold": 9.265966415405273
        }
    },
    "55": {
        "best f1 under pa": {
            "f1": 0.9999999999999996,
            "precision": 1.0,
            "recall": 1.0,
            "threshold": 9.37252426147461
        }
    },
    "7": {
        "best f1 under pa": {
            "f1": 0.9999999999999996,
            "precision": 1.0,
            "recall": 1.0,
            "threshold": 11.782424926757812
        }
    },
    "51": {
        "best f1 under pa": {
            "f1": 0.9847094801223235,
            "precision": 1.0,
            "recall": 0.9698795180722891,
            "threshold": 4.673633098602295
        }
    },
    "45": {
        "best f1 under pa": {
            "f1": 0.9361702127659569,
            "precision": 1.0,
            "recall": 0.88,
            "threshold": 40.991825103759766
        }
    },
    "44": {
        "best f1 under pa": {
            "f1": 0.9745390693590864,
            "precision": 0.9928443649373881,
            "recall": 0.9568965517241379,
            "threshold": 7.623483180999756
        }
    },
    "2": {
        "best f1 under pa": {
            "f1": 0.9999999999999996,
            "precision": 1.0,
            "recall": 1.0,
            "threshold": 84.3729019165039
        }
    },
    "50": {
        "best f1 under pa": {
            "f1": 0.0,
            "precision": 0.0,
            "recall": 0.0,
            "threshold": 0.0
        }
    },
    "46": {
        "best f1 under pa": {
            "f1": 0.9614561027837255,
            "precision": 0.9955654101995566,
            "recall": 0.9296066252587992,
            "threshold": 13.561936378479004
        }
    },
    "52": {
        "best f1 under pa": {
            "f1": 0.9999999999999996,
            "precision": 1.0,
            "recall": 1.0,
            "threshold": 66.539794921875
        }
    },
    "0": {
        "best f1 under pa": {
            "f1": 0.0,
            "precision": 0.0,
            "recall": 0.0,
            "threshold": 0.0
        }
    },
    "1": {
        "best f1 under pa": {
            "f1": 0.9999999999999996,
            "precision": 1.0,
            "recall": 1.0,
            "threshold": 10.884265899658203
        }
    },
    "47": {
        "best f1 under pa": {
            "f1": 0.9999999999999996,
            "precision": 1.0,
            "recall": 1.0,
            "threshold": 52.89271926879883
        }
    },
    "49": {
        "best f1 under pa": {
            "f1": 0.0,
            "precision": 0.0,
            "recall": 0.0,
            "threshold": 0.0
        }
    },
    "59": {
        "best f1 under pa": {
            "f1": 0.0,
            "precision": 0.0,
            "recall": 0.0,
            "threshold": 0.0
        }
    },
    "9": {
        "best f1 under pa": {
            "f1": 0.0,
            "precision": 0.0,
            "recall": 0.0,
            "threshold": 0.0
        }
    },
    "29": {
        "best f1 under pa": {
            "f1": 0.0,
            "precision": 0.0,
            "recall": 0.0,
            "threshold": 0.0
        }
    },
    "15": {
        "best f1 under pa": {
            "f1": 0.9591078066914492,