{
    "best f1 under pa": {
        "f1": 0.7368462225427795,
        "precision": 0.7383327886102972,
        "recall": 0.7362648028596421
    }
}