{
    "train_and_valid": 2120.2704751919955,
    "test": 1173.229755660519
}