{
    "train_and_valid": 4.52388349827379,
    "test": 4.69782230630517
}