{
    "train_and_valid": 4378.3737518675625,
    "test": 169.89802907593548
}