{
    "train_and_valid": 2.3576761968433857,
    "test": 0.17421233654022217
}