{
    "train_and_valid": 53.10297773592174,
    "test": 47.35726979840547
}