{
    "train_and_valid": 31.995913754217327,
    "test": 29.860467576421797
}