{
    "train_and_valid": 2106.437571805902,
    "test": 10.76202386803925
}