{
    "train_and_valid": 2575.7275268482044,
    "test": 40.47353283967823
}