{
    "best f1 under pa": {
        "f1": 0.5000451736224253,
        "precision": 0.4402647105488735,
        "recall": 1.0
    }
}