{
    "train_and_valid": 9.470222636125982,
    "test": 2.1403958704322577
}