{
    "train_and_valid": 176.95896171033382,
    "test": 6.93615151848644
}