{
    "best f1 under pa": {
        "f1": 0.6372758152271013,
        "precision": 0.5346477341465316,
        "recall": 0.8832445946019685
    }
}