{
    "train_and_valid": 2445.026168204844,
    "test": 59.975588247179985
}