{
    "train_and_valid": 562.4134274683893,
    "test": 193.2170263491571
}