{
    "train_and_valid": 4214.999038601294,
    "test": 308.79559372458607
}