{
    "train_and_valid": 1187.6561299106106,
    "test": 152.53851319476962
}