{
    "train_and_valid": 1055.6892378116027,
    "test": 1027.2014239225537
}