{
    "best f1 under pa": {
        "f1": 0.761503674908072,
        "precision": 0.8221552364222883,
        "recall": 0.7364122047369002
    }
}