{
    "train_and_valid": 16.257471220567822,
    "test": 2.0762799000367522
}