{
    "best f1 under pa": {
        "f1": 0.9355046786342587,
        "precision": 0.9445794318261898,
        "recall": 0.9486297583174111
    }
}