{
    "best f1 under pa": {
        "f1": 0.9355046786342592,
        "precision": 0.9445794318261896,
        "recall": 0.9486297583174109
    }
}