{
    "best f1 under pa": {
        "f1": 0.9904188853066689,
        "precision": 0.9891470964507934,
        "recall": 0.9922839506172839
    }
}