{
    "best f1 under pa": {
        "f1": 0.9904188853066687,
        "precision": 0.9891470964507937,
        "recall": 0.9922839506172839
    }
}