{
    "best f1 under pa": {
        "f1": 0.9787121494363502,
        "precision": 0.9602640322040561,
        "recall": 1.0
    }
}