{
    "best f1 under pa": {
        "f1": 0.97871214943635,
        "precision": 0.9602640322040561,
        "recall": 1.0
    }
}