{
    "train_and_valid": 206.97542233020067,
    "test": 1.2057009562849998
}