{
    "train_and_valid": 6.094049526378512,
    "test": 0.2232144558802247
}