{
    "train_and_valid": 8.827798490412533,
    "test": 7.995860859751701
}