{
    "best f1 under pa": {
        "f1": 0.4873284410656176,
        "precision": 0.5293203717288771,
        "recall": 0.531573596845569
    }
}