{
    "best f1 under pa": {
        "f1": 0.48732844106561773,
        "precision": 0.5293203717288771,
        "recall": 0.5315735968455688
    }
}