{
    "train_and_valid": 212.3691037716344,
    "test": 7.934477608650923
}