{
    "best f1 under pa": {
        "f1": 0.9493839246536009,
        "precision": 0.9533632256277161,
        "recall": 0.9696438212088726
    }
}