{
    "best f1 under pa": {
        "f1": 0.9493839246536013,
        "precision": 0.9533632256277166,
        "recall": 0.9696438212088725
    }
}