{
    "train_and_valid": 57.84749171882868,
    "test": 2.2267505172640085
}