{
    "train_and_valid": 88.50082731433213,
    "test": 1.3107330659404397
}