{
    "train_and_valid": 21037.13990129251,
    "test": 10029.066519788466
}