{
    "train_and_valid": 58.61581165809184,
    "test": 119.83225040137768
}