{
    "train_and_valid": 6490.475118806586,
    "test": 4216.592123921029
}