{
    "train_and_valid": 2482.7761752661318,
    "test": 49.40301575977355
}