{
    "train_and_valid": 8713.440938884392,
    "test": 67.59184309653938
}