{
    "best f1 under pa": {
        "f1": 0.3787214818161279,
        "precision": 0.2612160043139843,
        "recall": 0.697841726618705
    }
}