{
    "best f1 under pa": {
        "f1": 0.7997137610539037,
        "precision": 0.7950395019291583,
        "recall": 0.8444446672104413
    }
}