{
    "train_and_valid": 4.059667342342436,
    "test": 3.8975736806169152
}