{
    "train_and_valid": 95.23272909130901,
    "test": 4.059965922497213
}