{
    "train_and_valid": 96.1092087039724,
    "test": 4.024665639735758
}