{
    "train_and_valid": 17.33305404242128,
    "test": 0.16247234214097261
}