{
    "train_and_valid": 1887.6348427431658,
    "test": 1636.3223414141685
}