{
    "train_and_valid": 2377.3811836680397,
    "test": 90.44556008838117
}