{
    "train_and_valid": 109.68337590619922,
    "test": 2.842786685563624
}