{
    "train_and_valid": 561.7267719795927,
    "test": 10.47494709957391
}