{
    "train_and_valid": 37.748267707414925,
    "test": 4.461609561927617
}