{
    "best f1 under pa": {
        "f1": 0.5719524261005157,
        "precision": 0.5514881544069743,
        "recall": 0.847333894852328
    }
}