{
    "train_and_valid": 3275.584791354835,
    "test": 294.05200801230967
}