{
    "train_and_valid": 14.265395713970065,
    "test": 14.442968873307109
}