{
    "train_and_valid": 2725.3299559541047,
    "test": 209.84076540265232
}