{
    "train_and_valid": 63.62982583511621,
    "test": 98.69584462419152
}