{
    "train_and_valid": 123.27368470281363,
    "test": 1.2370869787409902
}