{
    "best f1 under pa": {
        "f1": 0.4700832296393437,
        "precision": 0.46322642414141035,
        "recall": 0.6523373636339732
    }
}