{
    "best f1 under pa": {
        "f1": 0.4700832296393436,
        "precision": 0.4632264241414103,
        "recall": 0.6523373636339732
    }
}