{
    "train_and_valid": 173.84325778018683,
    "test": 14.429111644625664
}