{
    "best f1 under pa": {
        "f1": 0.9709414094371652,
        "precision": 0.9572540319328533,
        "recall": 0.9887199531734299
    }
}