{
    "best f1 under pa": {
        "f1": 0.9709414094371658,
        "precision": 0.9572540319328535,
        "recall": 0.9887199531734303
    }
}