{
    "train_and_valid": 18860.303603314795,
    "test": 652.7897175820544
}