{
    "train_and_valid": 5.095161758363247,
    "test": 4.865622723475099
}