{
    "20": {
        "best f1 under pa": {
            "f1": 0.9999999999999996,
            "precision": 1.0,
            "recall": 1.0,
            "threshold": 137.14570128780164
        }
    },
    "34": {
        "best f1 under pa": {
            "f1": 0.7977795400475808,
            "precision": 0.7407952871870398,
            "recall": 0.8642611683848798,
            "threshold": 62.62796600541607
        }
    },
    "35": {
        "best f1 under pa": {
            "f1": 0.8656716417910443,
            "precision": 0.9508196721311475,
            "recall": 0.7945205479452054,
            "threshold": 102.22299764186423
        }
    },
    "21": {
        "best f1 under pa": {
            "f1": 0.8548972188633609,
            "precision": 0.7553418803418803,
            "recall": 0.9846796657381616,
            "threshold": 18.65706041234231
        }
    },
    "37": {
        "best f1 under pa": {
            "f1": 0.9999999999999996,
            "precision": 1.0,
            "recall": 1.0,
            "threshold": 108.22776076625078
        }
    },
    "22": {
        "best f1 under pa": {
            "f1": 0.9999999999999996,
            "precision": 1.0,
            "recall": 1.0,
            "threshold": 101.2118503898355
        }
    },
    "36": {
        "best f1 under pa": {
            "f1": 0.8828420256991679,
            "precision": 0.790257104194858,
            "recall": 1.0,
            "threshold": 52.76293465638355
        }
    },
    "32": {
        "best f1 under pa": {
            "f1": 0.9999999999999996,
            "precision": 1.0,
            "recall": 1.0,
            "threshold": 108.22776076625078
        }
    },
    "26": {
        "best f1 under pa": {
            "f1": 0.8548972188633609,
            "precision": 0.7553418803418803,
            "recall": 0.9846796657381616,
            "threshold": 18.65706041234231
        }
    },
    "27": {
        "best f1 under pa": {
            "f1": 0.9999999999999996,
            "precision": 1.0,
            "recall": 1.0,
            "threshold": 101.2118503898355
        }
    },
    "25": {
        "best f1 under pa": {
            "f1": 0.5770750988142287,
            "precision": 0.5051903114186851,
            "recall": 0.6728110599078341,
            "threshold": 47.31437876633734
        }
    },
    "31": {
        "best f1 under pa": {
            "f1": 0.7870528109028955,
            "precision": 0.6647482014388489,
            "recall": 0.964509394572025,
            "threshold": 61.29666110406964
        }
    },
    "19": {
        "best f1 under pa": {
            "f1": 0.9999999999999996,
            "precision": 1.0,
            "recall": 1.0,
            "threshold": 139.67268119232335
        }
    },
    "30": {
        "best f1 under pa": {
            "f1": 0.9999999999999996,
            "precision": 1.0,
            "recall": 1.0,
            "threshold": 134.7687482204751
        }
    },
    "24": {
        "best f1 under pa": {
            "f1": 0.9110604332953246,
            "precision": 0.8490967056323061,
            "recall": 0.982779827798278,
            "threshold": 20.76380586794243
        }
    },
    "5": {
        "best f1 under pa": {
            "f1": 0.3946488294314377,
            "precision": 0.2576419213973799,
            "recall": 0.8428571428571429,
            "threshold": 50.69046144810867
        }
    },
    "57": {
        "best f1 under pa": {
            "f1": 0.9999999999999996,
            "precision": 1.0,
            "recall": 1.0,
            "threshold": 101.5341256307703
        }
    },
    "4": {
        "best f1 under pa": {
            "f1": 0.8174139051332027,
            "precision": 0.6981132075471698,
            "recall": 0.9858934169278997,
            "threshold": 24.94355689523877
        }
    },
    "56": {
        "best f1 under pa": {
            "f1": 0.7828326180257505,
            "precision": 0.672566371681416,
            "recall": 0.9363449691991786,
            "threshold": 52.03482840424207
        }
    },
    "42": {
        "best f1 under pa": {
            "f1": 0.9594095940959404,
            "precision": 0.9219858156028369,
            "recall": 1.0,
            "threshold": 84.4125823892359
        }
    },
    "54": {
        "best f1 under pa": {
            "f1": 0.8318804483188039,
            "precision": 0.7198275862068966,
            "recall": 0.9852507374631269,
            "threshold": 11.581974188867406
        }
    },
    "6": {
        "best f1 under pa": {
            "f1": 0.7949865711727837,
            "precision": 0.6873065015479877,
            "recall": 0.9426751592356688,
            "threshold": 68.59169665946729
        }
    },
    "40": {
        "best f1 under pa": {
            "f1": 0.9999999999999996,
            "precision": 1.0,
            "recall": 1.0,
            "threshold": 127.1885278529791
        }
    },
    "41": {
        "best f1 under pa": {
            "f1": 0.7964912280701749,
            "precision": 0.699537750385208,
            "recall": 0.924643584521385,
            "threshold": 57.95837707802335
        }
    },
    "55": {
        "best f1 under pa": {
            "f1": 0.4393063583815024,
            "precision": 0.5066666666666667,
            "recall": 0.3877551020408163,
            "threshold": 104.90642667506191
        }
    },
    "7": {
        "best f1 under pa": {
            "f1": 0.9469387755102034,
            "precision": 0.9747899159663865,
            "recall": 0.9206349206349206,
            "threshold": 73.31205079469143
        }
    },
    "51": {
        "best f1 under pa": {
            "f1": 0.7942176870748294,
            "precision": 0.6887905604719764,
            "recall": 0.9377510040160643,
            "threshold": 52.03482840424207
        }
    },
    "45": {
        "best f1 under pa": {
            "f1": 0.5626911314984705,
            "precision": 0.39148936170212767,
            "recall": 1.0,
            "threshold": 47.98769058277014
        }
    },
    "44": {
        "best f1 under pa": {
            "f1": 0.8033664881407798,
            "precision": 0.7789317507418397,
            "recall": 0.8293838862559242,
            "threshold": 56.231713171551526
        }
    },
    "2": {
        "best f1 under pa": {
            "f1": 0.9999999999999996,
            "precision": 1.0,
            "recall": 1.0,
            "threshold": 121.82696214536006
        }
    },
    "50": {
        "best f1 under pa": {
            "f1": 0.9999999999999996,
            "precision": 1.0,
            "recall": 1.0,
            "threshold": 135.67747189566484
        }
    },
    "46": {
        "best f1 under pa": {
            "f1": 0.7879858657243811,
            "precision": 0.687211093990755,
            "recall": 0.9233954451345756,
            "threshold": 57.95837707802335
        }
    },
    "52": {
        "best f1 under pa": {
            "f1": 0.9870129870129863,
            "precision": 0.9743589743589743,
            "recall": 1.0,
            "threshold": 46.0476839176983
        }
    },
    "0": {
        "best f1 under pa": {
            "f1": 0.9999999999999996,
            "precision": 1.0,
            "recall": 1.0,
            "threshold": 137.45260452007275
        }
    },
    "1": {
        "best f1 under pa": {
            "f1": 0.8736401673640162,
            "precision": 0.8080495356037152,
            "recall": 0.9508196721311475,
            "threshold": 68.59169665946729
        }
    },
    "47": {
        "best f1 under pa": {
            "f1": 0.9554655870445339,
            "precision": 0.9147286821705426,
            "recall": 1.0,
            "threshold": 84.4125823892359
        }
    },
    "49": {
        "best f1 under pa": {
            "f1": 0.9999999999999996,
            "precision": 1.0,
            "recall": 1.0,
            "threshold": 127.18852785297916
        }
    },