{
    "best f1 under pa": {
        "f1": 0.8812679902081548,
        "precision": 0.838397684080618,
        "recall": 0.9501639309104659
    }
}