{
    "best f1 under pa": {
        "f1": 0.8812679902081549,
        "precision": 0.8383976840806177,
        "recall": 0.9501639309104658
    }
}