{
    "train_and_valid": 0.27234836108982563,
    "test": 0.27191107999533415
}