{
    "train_and_valid": 2649.1773177664727,
    "test": 9650.490575963631
}