{
    "best f1 under pa": {
        "f1": 0.9874733783965542,
        "precision": 0.9868137461642499,
        "recall": 0.989237668161435
    }
}