{
    "train_and_valid": 16317.012767756358,
    "test": 655.9908963264897
}